标题,链接
卷出新高度 甘肃天水派出百余名中医专家为游客＂养生＂,https://www.163.com/v/video/VTSQD7BSI.html
越南国家主席武文赏辞职获批准,https://www.163.com/news/article/ITOC0OSU0001899O.html
现场:王毅会见澳大利亚总理 二人见面两度热情握手,https://www.163.com/v/video/VESQE7CFB.html
美国女子720万房产遭陌生人霸占居住 怒换锁反遭逮捕,https://www.163.com/v/video/VTSQCL42Q.html
多名男生将1名女生堵墙角轮番抽打踢踹 女生不停哭叫,https://www.163.com/v/video/VLSQF4KT6.html
六年级男生骑车追到同学家要钱 面对对方家长依旧嚣张,https://www.163.com/v/video/VDSQ8HDIK.html
16岁女孩身高2.28米超姚明 入选U18女篮集训名单,https://www.163.com/v/video/VTSQAG107.html
东航致132死坠机事故调查进展发布,https://www.163.com/news/article/ITOA33PS0001899N.html
现场:扒窃团伙街头正寻找＂目标＂ 被几名便衣警察架走,https://www.163.com/v/video/VQSQ8NMTN.html
中年妇女乘公交车强开窗户得罪一车人 自称＂就事儿多＂,https://www.163.com/v/video/VFSOG13J7.html
老人翻栏杆过马路被卡 身体斜吊在半空没一人来帮忙,https://www.163.com/v/video/VOSQEN0C7.html
澳部长称＂不确定美是否为最可信赖盟友＂ 议会一阵骚乱,https://www.163.com/v/video/VLSQ6IMBB.html
上海一女子遭亲姐姐设套 险些失去房产继承权,https://www.163.com/dy/article/ITO85PD8053469LG.html
南宁一医院实习生烧炭自杀 6天前该院一规培生割颈自杀,https://www.163.com/dy/article/ITO7TSC90530JPVV.html
男子在街头一店铺门前下跪 店方:他就是想闹事,https://www.163.com/v/video/VWSQE3O2T.html
汪小菲回击大S：晒具俊晔包裹收据 称大S＂吃药后打我＂,https://www.163.com/dy/article/ITO505G905528K16.html
黄仁勋展出最新芯片 媒体:在他面前一个能打的都没有,https://www.163.com/dy/article/ITNVGUD50550ANUU.html
许家印被证监会处罚 前妻此前诉次子被指＂技术性诉讼＂,https://www.163.com/dy/article/ITO20BV30550ANUU.html
汪小菲再回应大S：你用刀、高尔夫球杆、红酒瓶打我,https://www.163.com/dy/article/ITO6SV6F053469M5.html
俄联邦共产党领导人请求普京连任后首访中国 普京笑了,https://www.163.com/v/video/VYSQ809NB.html
英媒:王室筹划凯特＂复出＂绝密计划 已获威廉凯特认可,https://www.163.com/dy/article/ITO5EGQ805504DPG.html
男子路上骑车 突然被路边窜出的黄鼠狼抓住不放,https://www.163.com/v/video/VKSQBHA3Q.html
司机突发疾病发生车祸 眼睛瞳孔都散了众人砸窗救人,https://www.163.com/v/video/VWSQB94D2.html
男子因停车与人起冲突 用尽方法都没能证明自己被打伤,https://www.163.com/dy/article/ITO4QHQ60512BN99.html
＂网红＂校长王树国曾在雨中为毕业生致辞 党委书记撑伞,https://www.163.com/dy/article/ITO1E4T8053469M5.html
谈及TikTok正被美议员＂生吞活剥＂ 美教授无语直接大笑,https://www.163.com/dy/article/ITO1DDL8051481US.html
保时捷走非机动车道 女司机按喇叭骂老人:你个老不死,https://www.163.com/v/video/VWSQA8MJB.html
8位中国公民入境美国遭无端盘查遣返 外交部回应,https://www.163.com/news/article/ITO2LIDP000189PS.html
李家超：美国2天就通过《爱国者法案》 香港等了26年 ,https://www.163.com/dy/article/ITNSFUOA051481US.html
天水请出白马藏族欢迎游客 本地人：四十多岁了没见过,https://www.163.com/v/video/VKSQ771VE.html
邯郸遇害男生父亲晒与儿子最后的聊天记录:爸爸回来了,https://www.163.com/news/article/ITO0JR4G0001899O.html
大S称汪小菲婚内出轨：10年婚姻2死1重伤,https://www.163.com/news/article/ITNVS9AV0001899O.html
天津女子去办离职被人事大姐怒怼：你还支配上我了,https://www.163.com/v/video/VFSQ367Q9.html
英国母女开车经过工地 路边突然飞出巨大铁球朝车砸来,https://www.163.com/v/video/VESPR45UI.html
女孩在酒店遭多人暴打侮辱 现场一女子大喊：衣服脱掉,https://www.163.com/v/video/VESPO5K62.html
邯郸被害初中生家属发声：可能错失了孩子的求救信号,https://www.163.com/dy/article/ITNTJHRK053469LG.html
广东一海底隧道出现大量积水 司机开车如＂开船＂,https://www.163.com/v/video/VDSQ4N3PS.html
乌军猛攻俄边境 俄方拟撤离该地区9000名儿童,https://www.163.com/dy/article/ITNT3OS3051492T3.html
女子面对天价彩礼决定＂试婚＂：只要12万 婚后1年再收,https://www.163.com/dy/article/ITNRHC10055040N3.html
女子在上海餐馆吃饭后上吐下泻 被下＂重危病情通知书＂,https://www.163.com/dy/article/ITNRGQ33055040N3.html
专家：＂邯郸少年被杀案＂或成刑责年龄下调后追诉首案,https://www.163.com/dy/article/ITNQLRCM051492T3.html
19岁小伙连续捐献血浆16次后死亡 1次能赚280元,https://www.163.com/dy/article/ITNMDSFK051492T3.html
不到10天中纪委连打5＂虎＂ 其中窦万贵在新疆工作40年,https://www.163.com/dy/article/ITNQO2O105129QAF.html
特朗普：欧洲国家必须公平缴费 美国才会留在北约,https://www.163.com/dy/article/ITNPPIKD0514BQ68.html
女子在离婚冷静期内遭丈夫持刀杀害 家属：判他死刑,https://www.163.com/dy/article/ITN4E5LP0514D3UH.html
英伟达向中国＂交芯＂ 外媒承认：中国大市场还是香,https://www.163.com/dy/article/ITMBGRJ10514FGV8.html
杭州初中生进入西交大少年班 一考免三考直接读到硕士,https://www.163.com/dy/article/ITNHGFT9051492LM.html
恒大5640亿造假额全球最大 12年前做空机构已预测结局,https://www.163.com/dy/article/ITM647QL05198CJN.html
中国外长将会见澳前总理 外媒：不给澳现政府面子,https://www.163.com/dy/article/ITMBGLPU0514R9OJ.html
乌克兰外长：中国在结束俄乌战争方面拥有巨大的潜力,https://www.163.com/dy/article/ITN973VO0514R9P4.html
普京称可能在乌克兰建立＂安全区＂ 泽连斯基办公室回应,https://www.163.com/dy/article/ITN3C4VF0514R9OJ.html
俄方：法国准备向乌克兰派出2000名军人,https://www.163.com/dy/article/ITNFAKEL0512B07B.html
媒体：美国想劫掠TikTok 最终可能会变成一出闹剧,https://www.163.com/dy/article/ITND5PGU0550A0OW.html
拜登对以色列发出＂迄今为止最强烈警告＂:不要袭击拉法,https://www.163.com/dy/article/ITNBVI6I05504DPG.html
山西省委原副书记商黎光涉嫌受贿罪 被最高检决定逮捕,https://www.163.com/news/article/ITNDPVBN000189PS.html
杭州老旧小区改造期间家中出现陌生脚印 女业主慌了,https://www.163.com/dy/article/ITM3LMPQ051492LM.html
牛弹琴：留给特朗普的时间不多了 其发文痛骂政治黑客,https://www.163.com/news/article/ITNB72DH00019B3E.html
威廉王子＂绯闻小三＂否认插足王妃婚姻：传闻完全错误,https://www.163.com/dy/article/ITN3U3770514R9OJ.html
黄仁勋带9个人形机器人一同登场 其中2款来自中国,https://www.163.com/dy/article/ITM8TU45051492T3.html
苹果女程序员美国飙车撞死男伴逃回中国 调查报告出炉,https://www.163.com/dy/article/ITML23K0051492T3.html
19岁小伙跳河救人不幸牺牲 获救者在灵堂前下跪致谢,https://www.163.com/dy/article/ITMCJ8J8051492T3.html
印军奔袭2000公里解救货船 印媒：向中国展示谁是老大,https://www.163.com/dy/article/ITMBGLU10514R9OJ.html
越南女首富涉嫌侵吞120亿美元 检方建议：判处死刑,https://www.163.com/dy/article/ITN3UAUA0514R9OJ.html
＂网红校长＂王树国卸任后三鞠躬 学生们追着车道别,https://www.163.com/dy/article/ITMCL3U90512B07B.html
沦为＂二等公民＂长期失业 不少移民英国的香港人回流,https://www.163.com/dy/article/ITN2PC1M05504DPG.html
官方通报＂19岁少年生前被连续抽血16次＂：已展开调查,https://www.163.com/news/article/ITMADV8J0001899O.html
福建省委书记见塚本博亮 其父被称＂福建人民的老朋友＂,https://www.163.com/dy/article/ITM350RQ051482MP.html
外媒称若俄缺席中国将不参加乌克兰和平会议 中方回应,https://www.163.com/news/article/ITLR1K5T00019B3E.html
邯郸派60多名警察侦办初中生遇害案：此案要办成铁案,https://www.163.com/dy/article/ITLC940I05129QAF.html
媒体：顶着拜登政府压力 黄仁勋作出向中国＂交芯＂决定,https://www.163.com/dy/article/ITLOPQQ60514FGV8.html
媒体：顶着拜登政府压力 黄仁勋作出向中国＂交芯＂决定,https://www.163.com/dy/article/ITLOPQQ60514FGV8.html
特朗普警告:如我当选总统 哈里王子可能被驱逐出美国,https://www.163.com/dy/article/ITLNL6JK0514R9OJ.html
阜阳槽头肉企业曾生意红火:常年招工 有工人月薪过万,https://www.163.com/dy/article/ITLUHPCF053469LG.html
＂王婆说媒＂爆火 女生上台后指着男生喊＂我喜欢那个＂,https://www.163.com/dy/article/ITLTKIH9053469LG.html
19岁小伙下水救人遇难:系单亲家庭独子 父亲务农打工,https://www.163.com/dy/article/ITLTKHA0053469LG.html
游客称在水中被摘潜水面罩强迫拍照 三亚警方征集线索,https://www.163.com/dy/article/ITLQN57K053469LG.html
听花酒被扒后官网回应 网友:第一次看辟谣3·15晚会的,https://www.163.com/dy/article/ITJGM1GH0514BE2Q.html
媒体：英伟达发布＂最强AI芯片＂ 中国有必要进一步加速,https://www.163.com/dy/article/ITLN1KHT0512D1R0.html
＂千万大奖冒领案＂中奖人:月入3000元 诉讼5年成＂老赖＂,https://www.163.com/dy/article/ITLNPUOP053469LG.html
＂网红校长＂王树国卸任 曾是＂C9联盟＂大学最年轻的校长,https://www.163.com/dy/article/ITLJPSVV0514BE2Q.html
马斯克转发讽刺图文＂取笑＂波音 网友跟帖调侃,https://www.163.com/news/article/ITLK1M2300019B3E.html
上海一男子戴硅胶面具装老人 一夜偷盗4家盗10万财物,https://www.163.com/dy/article/ITL6UJLI055040N3.html
杭州单亲妈妈网恋 14岁儿子看到聊天记录果断报警,https://www.163.com/dy/article/ITLCJOEU0530JPVV.html
13岁男孩被指在公厕性侵8岁女童 警方未立案其已返校,https://www.163.com/dy/article/ITLDJ58R0514R9P4.html
布林肯在菲批中国在南海问题上的＂挑衅行为＂ 中方回应,https://www.163.com/dy/article/ITLET4JD0514R9OJ.html
又一能源＂虎＂被查 不到1年能源领域4名中管干部被查,https://www.163.com/dy/article/ITLE0IRP0514BE2Q.html
邯郸13岁初中生遇害当天称＂同学接我看地道＂,https://www.163.com/news/article/ITLDBKRG0001899N.html
烤肠摊店员胸前张贴检测报告:摊位营业额受影响被腰斩,https://www.163.com/dy/article/ITL8T6SE053469LG.html
牛弹琴：巴基斯坦和阿富汗翻脸 出动战机大炮打起来了,https://www.163.com/news/article/ITLB44NU0001899O.html
小米回应＂测试车高速逃费＂：未恶意逃费、未违规掉头,https://www.163.com/dy/article/ITL5035R0534P59R.html
赞助中超球队＂足疗店＂投资人：企业合法合规 钱不算多,https://www.163.com/dy/article/ITKUM1160514BE2Q.html
两会闭幕一周内连打4＂虎＂ 中纪委发文:铁面反腐不慈悲,https://www.163.com/dy/article/ITL7M80805129QAF.html
特朗普遭羞辱性打击：交不起上诉保证金 资产或被没收,https://www.163.com/dy/article/ITL4NIQP0514BQ68.html
班主任称被杀学生和3名嫌犯关系很好：未发现校园霸凌,https://www.163.com/dy/article/ITL1LJJC0514R9NP.html
外交部大使王克俭会见哈马斯政治局主席哈尼亚,https://www.163.com/news/article/ITL1TO0N0001899O.html
＂中奖千万被彩票店主表哥冒领＂当事人:对方买房并离婚,https://www.163.com/dy/article/ITKUGF1J051492LM.html
美军公布六代机新进展 预计将在2030年取代F-22战机,https://www.163.com/dy/article/ITKFKFDK0514R9OJ.html
＂嗜酒无度＂的贪官被逮捕：家里搜出的高档酒装了3货车,https://www.163.com/news/article/ITKV28790001899O.html
甘肃天水一家理发店连夜改造成麻辣烫店 股东：太火了,https://www.163.com/dy/article/ITKPPFNU053469LG.html
马来西亚向中国寻求稀土合作 以开发价值1.5万亿矿藏,https://www.163.com/dy/article/ITKIPIEA05504DOQ.html
湖南洞口多个棚改项目涉造假:大量安置房＂建＂在纸面上,https://www.163.com/dy/article/ITKM7PAK0514R9NP.html
英防相专机在加里宁格勒附近被干扰 导航中断30分钟,https://www.163.com/dy/article/ITKLH61105504DOQ.html
得票率近九成 美媒：普京再掌俄罗斯6年让多国担忧 ,https://www.163.com/dy/article/ITJMFL1I0514FGV8.html
投资计划因反华情绪受挫 中国电池企业起诉美小镇违约,https://www.163.com/news/article/ITKI78MS0001899O.html
欧盟起草法律 将俄罗斯央行的利润转移给乌克兰,https://www.163.com/dy/article/ITK3S6QE05198CJN.html
＂70后＂副部边学文履新职 曾担任周永康案公诉人,https://www.163.com/news/article/ITKH37GV0001899O.html
网红蛋糕店疑全国停业 创始人称车房已抵押面临破产,https://www.163.com/dy/article/ITJP7A7J0512B07B.html
女学生带头霸凌学妹扇60下耳光：未满14周岁 不予处罚,https://www.163.com/dy/article/ITJO8DMB051492T3.html
“邯郸初中生被杀案”代理律师：有伤口长七八厘米,https://www.163.com/dy/article/ITJO8DLI051492T3.html
家属反映＂12岁女儿被杀后遭侵犯＂ 当地：嫌犯当日被抓,https://www.163.com/news/article/ITJMDR5800019B3E.html
湖北一老人退休金被冒领16年 金额达20多万元,https://www.163.com/dy/article/ITJ9DOG50550B6IS.html
林剑首次主持外交部例行记者会 回答近20个问题 ,https://www.163.com/dy/article/ITJJTHOQ0514FGV8.html
民进党迟到韩国瑜＂开刀＂ 台＂立法院＂院会首次开天窗,https://www.163.com/dy/article/ITJA9IQN05504DPG.html
省委书记批示后 天水市委书记部署＂麻辣烫＂相关工作,https://www.163.com/dy/article/ITIRIMI00530JPVV.html
又一＂虎＂任上落马 两天前缺席重要会议,https://www.163.com/dy/article/ITJBN6OP0514BE2Q.html
普京胜选后称在台湾问题上挑衅中国注定失败 林剑回应,https://www.163.com/news/article/ITJG079P00019B3E.html
律师谈邯郸初中生遇害案：3名加害者最高可判无期徒刑,https://www.163.com/dy/article/ITIRVUML0534A4SC.html
公司前董事长欲＂罢免＂3名现董事：不能接受公司家族化,https://www.163.com/dy/article/ITIP5TF10512B07B.html
12岁男孩杀4岁女童警方撤案 男孩仅接受6个月心理矫治,https://www.163.com/dy/article/ITJ5L6IR0530JPVV.html
百万粉丝网红＂凉山孟阳＂被判刑 卖惨立＂贫苦女孩＂人设,https://www.163.com/dy/article/ITJ7TTIR051492T3.html
张红文出任合肥市委书记 虞爱华已履新安徽省委副书记,https://www.163.com/dy/article/ITISG1A7051482MP.html
证监会拟决定对许家印采取终身证券市场禁入措施,https://www.163.com/dy/article/ITJCD3R905198CJN.html
16岁少年疑被同龄人杀害 行凶者事后称＂十年青春没了＂,https://www.163.com/dy/article/ITJ5C88S0514D3UH.html
邯郸男孩案代理律师：嫌犯手段极其恶劣 行为惨无人道,https://www.163.com/dy/article/ITJ62AIL0514R9P4.html
邯郸遇害初中生尸检后其父发声：比想象的还要残忍,https://www.163.com/dy/article/ITIOJ42T055040N3.html
有人田间直播邯郸初中生遇害＂第一现场＂ 2000多人围观,https://www.163.com/dy/article/ITISRFRC053469M5.html
普京锁定连任得票数创下新纪录 三名竞争对手发声,https://www.163.com/dy/article/ITJ17N630514BE2Q.html
教育部原官员王登峰贪污受贿超5000万 获刑17年,https://www.163.com/news/article/ITJ0RH3I0001899O.html
轰6K首次飞出岛链1000余公里 遭遇外机＂亮肚皮＂挑衅,https://www.163.com/dy/article/ITIUQE48053469LG.html
曾吐槽＂招聘会均薪5500＂的211硕士裸辞 自驾游中国,https://www.163.com/dy/article/ITGQE3KP0514R9P4.html
农民平整家庭农场土坡 挖出麻骨土卖掉被控非法采矿,https://www.163.com/dy/article/ITIU7LM60512BN99.html
医院院长被指卖出生证明 员工：我心目中院长是善良的,https://www.163.com/dy/article/ITIN5LQ30534P59R.html
美众院通过剥离TikTok法案 专家：TikTok将迎一场硬仗,https://www.163.com/dy/article/ITIM3B3U0514D3UH.html
普京赢得俄罗斯总统选举 外交部：中方对此表示祝贺,https://www.163.com/news/article/ITITQ5880001899N.html
英媒称凯特王妃现身商店 目击者：她看起来很快乐,https://www.163.com/dy/article/ITISFONE051492T3.html
邯郸遇害初中生被传＂遭活埋＂ 官方：不属实 已追责,https://www.163.com/dy/article/ITIQ4OQ50514R9NP.html
曾上热搜的胡金牛教授更新简介：成为力压普京的男人,https://www.163.com/dy/article/ITIENISI0514R9P4.html
林剑成中国外交部第34任发言人,https://www.163.com/news/article/ITIQOIN2000189PS.html
TVB老戏骨陈狄克去世终年76岁 曾出演《鹿鼎记》等剧,https://www.163.com/news/article/ITIPFFTB0001899O.html
打造卫星侦察网络 SpaceX与美情报机构签18亿美元合同,https://www.163.com/dy/article/ITH482N00514R9OJ.html
卖淀粉肠的摊主：315后的周末销售额跌80% 考虑转行,https://www.163.com/news/article/ITIP3LP20001899O.html
女生＂考公＂因患桥本甲状腺炎体检被否 将医院告上法庭,https://www.163.com/dy/article/ITIJJ2K80514BE2Q.html
白宫批俄大选不公平 普京：全球都在嘲笑美国发生的事,https://www.163.com/dy/article/ITIK2RQG0514R9OJ.html
美记者就纳瓦利内之死提问 普京首次公开回应,https://www.163.com/news/article/ITIKTUPJ0001899O.html
拜登竞选团队筹款规模远超特朗普 上月筹到5300万美元,https://www.163.com/dy/article/ITIG8B1T0514BQ68.html
69岁＂老虎＂被公诉 主政地曾在荒漠建上千亩高尔夫球场,https://www.163.com/news/article/ITIFJJTM0001899O.html
威尔士工党选出新任党魁 欧洲将产生首位＂黑人领导人＂,https://www.163.com/dy/article/ITID6PET0512DU6N.html
东方甄选：去年代售的梅菜扣肉商品未违规使用槽头肉,https://www.163.com/dy/article/ITID8MSR0534A4SC.html
男子在自家店铺贴招工广告被罚50元：一开始说罚100元,https://www.163.com/dy/article/ITI8SHGP0514R9P4.html
甘肃天水市党政机关全部敞开大门 供外地游客免费停车,https://www.163.com/dy/article/ITI9GVI6053469LG.html
特朗普警告或对进口汽车征收100%关税后 拜登团队回应,https://www.163.com/dy/article/ITI4J3M60512B07B.html
普京以超87%的得票率赢得俄总统选举 谈及俄中关系,https://www.163.com/dy/article/ITI3JHHE0514R9OJ.html
央视315晚会点名后 听花酒上海代理商已被立案调查,https://www.163.com/dy/article/ITI1D8UI05198CJN.html
欧盟三巨头达成一致：将用俄罗斯的钱给乌克兰买武器,https://www.163.com/dy/article/ITH2MOEC05198CJN.html
药企爆发争夺战：总裁带50多人冲进公司 财务被赶出,https://www.163.com/news/article/ITHURQR90001899O.html
深圳多盘晒“热销”海报背后:有楼盘备案价下调3000元,https://www.163.com/dy/article/ITH578CP0512B07B.html
一个关于中国人的＂黑话＂ 在美国社交媒体火了,https://www.163.com/dy/article/ITGQSN7B05504DPG.html
昆山178亩林地成固废填埋场 当地:将全面查清利益链条,https://www.163.com/dy/article/ITH1CHTA053469M5.html
邯郸初中生被害案嫌疑人全部抓获 官方:依法予以惩处,https://www.163.com/news/article/ITGV6UR00001899O.html
教授公示20年来所有研究生毕业去向 学生:她低调内敛,https://www.163.com/dy/article/ITGUOIR0053469LG.html
两会后 多名女干部先后被查,https://www.163.com/dy/article/ITGJ10UK0530JPVV.html
乌西南部村庄现状：几乎没男人 平民当街被抓去当兵,https://www.163.com/news/article/ITGRJQOO0001899O.html
拜登：两个总统候选人中有一个太老了 另一个就是我,https://www.163.com/news/article/ITGNJFBR0001899O.html
邯郸遇害初中生丧礼上全村人送行 妈妈哭晕被送医院  ,https://www.163.com/news/article/ITGI7AO80001899O.html
甘肃省委书记批示 天水市委书记针对麻辣烫主持推进会,https://www.163.com/dy/article/ITGO5LIG051482MP.html
乌克兰派2500人大军冲击俄边境 俄外交部回应,https://www.163.com/dy/article/ITGNEF5T051492T3.html
民宿老板集资超5千万后失联 涉及的＂股东＂达400多人,https://www.163.com/dy/article/ITGD4A2A0514D3UH.html
＂淀粉肠塌房＂第二天 大娘出摊两小时一根都没有卖出去,https://www.163.com/dy/article/ITGMTKH20512B07B.html
长沙一店铺贴招工启事被罚50元 执法部门回应,https://www.163.com/dy/article/ITGEAADP053469LG.html
马克龙要求俄在奥运会期间停火：若普京来电话 我会接,https://www.163.com/dy/article/ITGEAATA053469LG.html
英国王室可能在下月公开谈凯特情况 凯特密友发声,https://www.163.com/dy/article/ITGAGI5H0514R9OJ.html
罗翔谈邯郸初中生杀人案:特定犯罪可追诉未成年人刑责,https://www.163.com/dy/article/ITGDS69J05129QAF.html
重庆一商业大楼突发火灾 警方回应,https://www.163.com/dy/article/ITGD49V50514D3UH.html
四川雅江森林火灾蔓延成3个火场 1200余人正在扑救,https://www.163.com/dy/article/ITGBF2VD05129QAF.html
女子加盟奶茶店亏损60多万 平台称是＂蜜雪冰城＂子品牌,https://www.163.com/dy/article/ITGBAC7N0514D3UH.html
俄军首度公布猎杀＂海马斯＂视频:被导弹瞬间炸成零件,https://www.163.com/dy/article/ITFHB98D0512B07B.html
女儿要求86岁母亲迁出住房 因违背公序良俗被法院驳回,https://www.163.com/news/article/ITG4IAI00001899O.html
燕郊爆燃事故后 男子的家成＂危楼＂：裂纹深度达10米,https://www.163.com/dy/article/ITFV2LIJ0514R9P4.html
特朗普：如果我没能当选总统 那将是对美国经济的屠杀,https://www.163.com/news/article/ITG4LRNO0001899O.html
台媒披露美军在金门澎湖＂协训＂ 事因3名美军教官被打,https://www.163.com/dy/article/ITG0KK7R0514R9OJ.html
摩友遇雅江山火：帮忙挖隔离带 山太陡没法上去送物资,https://www.163.com/dy/article/ITG0L73P053469M5.html
男子中千万大奖奖金被彩票店主的表哥​领走 法院判了,https://www.163.com/dy/article/ITFU74UN053469M5.html
59岁员工不会线上请假被开除 公司被判违法需赔偿11万,https://www.163.com/dy/article/ITFO50RH0512B07B.html
女子请人上门整理衣柜：12小时花费7200元 感觉很治愈,https://www.163.com/dy/article/ITFO81AT051492LM.html
欧洲呼吁俄方归还罗马尼亚黄金 梅德韦杰夫爆粗口回应,https://www.163.com/news/article/ITFODA3D0001899O.html
媒体：对不满12岁的故意杀人案嫌犯 也应考虑追究刑责,https://www.163.com/dy/article/ITFCQD7H05129QAF.html
泉州＂5岁女童奸杀案＂凶手被执行死刑 曾化名潜逃25年,https://www.163.com/news/article/ITFJ8QC70001899O.html
公开名下所有研究生去向 研究航空的西工大女教授走红,https://www.163.com/dy/article/ITDDU20T0514R9P4.html
知名上市公司董事长3年内第3次被留置 系老牌亿万富豪,https://www.163.com/news/article/ITFGVNIL0001899O.html
媒体：乌军换新战术 背后是西方想彻底肢解俄的＂獠牙＂,https://www.163.com/dy/article/ITEG1R0B0514FGV8.html
女子吐槽下班后连洗澡也得带着手机：三年没关过机了,https://www.163.com/dy/article/ITCQVA310514R9KQ.html
克宫再回应马克龙＂向乌克兰派兵＂言论：法国已经参战,https://www.163.com/dy/article/ITEFTBFO0512B07B.html
一天之内 三家央企总经理调整,https://www.163.com/dy/article/ITDLDBU20530JPVV.html
男子称在知名品牌汉堡中吃出生肉 市监部门回应,https://www.163.com/dy/article/ITEEVJT8053469LG.html
最年轻的俄总统候选人刚满40岁：洗过车也做过调酒师,https://www.163.com/dy/article/ITEC7R1B0514BE2Q.html
江苏一烧烤店燃爆致2人受伤 员工:事发时店内没有客人,https://www.163.com/dy/article/ITECA4UN0530JPVV.html
飞天乳业深圳＂经销商＂称破产 300余位消费者已预付款,https://www.163.com/dy/article/ITBO9U9A0530KP1K.html
槽头肉企业墙上挂＂诚信正直＂ 银行员工因贷款蹲守厂外,https://www.163.com/dy/article/ITEBHVBC0512B07B.html
记者线下体验上门按摩服务 女技师表示额外服务要加钱,https://www.163.com/dy/article/ITE49HSM0530JPVV.html
起底听花酒创始人＂张雪峰＂：营销收入上亿 公司不分红,https://www.163.com/dy/article/ITDLFPBM0519DFFO.html
女贪官指使丈夫47岁退休敛财 妹妹国外保管2千万赃款,https://www.163.com/dy/article/ITE2IUOH051482MP.html
四川雅江突发山火 现场火势凶猛弥漫大量白色浓烟,https://www.163.com/news/article/ITE4EEO80001899O.html
＂淀粉肠塌房＂上热搜 网友称吃它不为肉图的就是纯淀粉,https://www.163.com/dy/article/ITD7KJ5R0514R9OJ.html
＂反诈老陈＂称接不住热度被反噬:将转入线下做反诈宣传,https://www.163.com/dy/article/ITE2JUCA05129QAF.html
市委书记任上落马 2个小时后海南省任命新书记,https://www.163.com/dy/article/ITE044SF0514BE2Q.html
乔任梁父亲谈儿子被AI＂复活＂:感到不适 在揭我们伤疤,https://www.163.com/dy/article/ITE0D4FV0534P59R.html
邯郸杀害同学的3名初中生被刑拘 河北省公安厅介入,https://www.163.com/dy/article/ITDT05US0512B07B.html
＂梅菜扣肉＂涉事企业生产车间腥臭扑鼻 猪肉布满了霉斑,https://www.163.com/dy/article/ITDO2I4E0514R9OJ.html
美参议院多数党领袖批评内塔尼亚胡 拜登称赞,https://www.163.com/dy/article/ITDTC3NK0514R9OJ.html
天水麻辣烫成新晋＂顶流＂ 有游客跨越了1600公里去吃,https://www.163.com/dy/article/ITDLU4U80514BE2Q.html
波音＂吹哨人＂生前曾预告：我可能会出事 但绝不会自杀,https://www.163.com/dy/article/ITCCP2P205198CJN.html
开完坦克 金正恩又来到了空降兵部队,https://www.163.com/dy/article/ITDDB7G40514FGV8.html
店员隐瞒＂一口价＂金饰信息 女子买到1000多一克的黄金,https://www.163.com/dy/article/ITDIMMF80512B07B.html
28岁女子徒步进藏容貌大变样:除了皮肤黑我身体很健康,https://www.163.com/dy/article/ITDJPPHR053469LG.html
记者暗访恋爱体验馆：抱抱、身体接触等都被明码标价,https://www.163.com/dy/article/ITBHQPM80512EFR8.html
经销商店员发朋友圈＂炫耀＂：听花不是谁都可以打压的,https://www.163.com/dy/article/ITD58TVE053469LG.html
规培医生在卫生间自杀 当天测6次心率最高到152次/分,https://www.163.com/dy/article/ITD870BO0514R9P4.html
市民称刚到餐馆就花出去十多块餐位费：未被明确告知,https://www.163.com/dy/article/ITDCJ0P5053469LG.html
媒体：中国海警船巡查金门附近海域 传递了两个信号,https://www.163.com/news/article/ITDD8KN80001899O.html
杀害13岁初中生的3名嫌疑人均为留守儿童 已被刑拘,https://www.163.com/news/article/ITD8C8VT0001899N.html
上海连夜执法取证 同程数科副总：不认可315晚会内容,https://www.163.com/dy/article/ITD7J5OL055040N3.html
落马女干部8名亲属被查：妹妹保管赃款滞留国外十几年,https://www.163.com/news/article/ITD8KIVT0001899O.html
孩子患罕见遗传疾病 夫妻崩溃：做过基因筛查全是阴性,https://www.163.com/dy/article/ITBF4G2P055040N3.html
多人反映存在中国黄金门店的金子丢了 中国黄金回应,https://www.163.com/dy/article/ITB7I5GD051492T3.html
女子投诉邻居装门把楼道围掉一半：120担架抬不出病人,https://www.163.com/dy/article/ITD6065F053469LG.html
宠物医院高压氧舱故障致顾客身亡 多厂家已停售该产品,https://www.163.com/dy/article/ITBT28AB053469LG.html
凯特王妃仍未公开露面 有人担忧她将重蹈戴安娜的覆辙,https://www.163.com/dy/article/ITCR22F405504DOQ.html
初中生被同学杀害埋尸 律师：加害者判死刑是不可能的,https://www.163.com/dy/article/ITBQDDH20514R9NP.html
美国前副总统彭斯:我＂凭良心＂不能在大选中支持特朗普,https://www.163.com/dy/article/ITD1A3MV0514R9OJ.html
牛弹琴：胡塞武装一天内袭击五个目标 美国无可奈何,https://www.163.com/news/article/ITD31OCQ0001899O.html
TikTok再发弹窗 鼓励用户致电参议员对禁令投反对票,https://www.163.com/dy/article/ITD02APA0514R9OM.html
商户质疑燕郊爆燃事故封路范围太大:损失金额达上万元,https://www.163.com/dy/article/ITCU10GC0514CDBK.html
听花酒回应被央视点名：生产工艺并非向酒中添加薄荷,https://www.163.com/dy/article/ITCU4USD0534A4SC.html
国企原总裁被双开：隐瞒入党前严重错误 侵吞国有资产,https://www.163.com/dy/article/ITBN1RDL0514CDBK.html
江西＂花炮之乡＂过期4年烟花仍在卖 万响鞭炮实际357响,https://www.163.com/news/article/ITCS6RIT0001899O.html
美媒：法令遭否决 米莱的＂第一剂休克疗法濒临崩溃＂,https://www.163.com/news/article/ITCQQVTR0001899O.html
合肥女子＂李梅＂在长沙的87套住宅被查封 预估价达亿元,https://www.163.com/dy/article/ITBLPNT30534P59R.html
听花酒董事长：被太上老君托梦获灵感 是上天的恩惠,https://www.163.com/news/article/ITC0UN4P0001899O.html
美驻华大使谈TikTok事件称中方表态＂讽刺＂ 外交部回应,https://www.163.com/news/article/ITBTB8SO0001899O.html
听花酒被315点名 上交所向其母公司发监管函,https://www.163.com/news/article/ITBS8QUS0001899N.html
宝马中国回应被央视315点名：传动轴异响不影响安全,https://www.163.com/news/article/ITBRMB8A0001899N.html
同程金融App被多家应用商店下架,https://www.163.com/news/article/ITBRGP4B0001899O.html
世纪佳缘致歉：全面调查业务漏洞与问题,https://www.163.com/news/article/ITBQT7BC0001899N.html
电商平台下架315晚会曝光的梅菜扣肉预制菜,https://www.163.com/news/article/ITBQND090001899O.html
315曝光厂商否认生产非标灭火器：抽检都合格,https://www.163.com/news/article/ITBQ89SJ0001899O.html
听花酒产品从淘宝下架 公众号已停用,https://www.163.com/news/article/ITBOCC7Q0001899N.html
官方：开展严打肉产违法犯罪行动,https://www.163.com/news/article/ITBMTVLA000189PS.html
湖南一公司涉主板机黑产 官方排查,https://www.163.com/news/article/ITBMODNP0001899N.html
315揭露网络水军黑手段：N部手机同时发布,https://www.163.com/news/article/ITBKLF5T000189PS.html
燕郊爆燃事发地为繁华地段 家长送孩子上学的必经之地,https://www.163.com/dy/article/ITBBRJG7053469LG.html
人保一分公司被指偷拍客户手机窃信息 警方已立案,https://www.163.com/dy/article/ITBEH93A0514R9P4.html
邯郸遇害男孩多次被锁劳动小屋 与其中一嫌疑人是同桌,https://www.163.com/news/article/ITBCQQLD0001899O.html
新西兰发现一女尸疑为中国公民 衣物印有中文,https://www.163.com/dy/article/ITBBPKOH051492LM.html
博主称＂汉仪字库＂错寄商洽函快递还是＂到付＂ 汉仪回应,https://www.163.com/dy/article/ITB73DQ1053469LG.html
中海油原总经理李勇被查,https://www.163.com/news/article/ITB9TJVD0001899N.html
初中生遭3名同学杀害 家属:其中一人事发后躺着打游戏,https://www.163.com/dy/article/ITB331SE0514R9P4.html
老人为短剧花一万多元 子女称其＂跟买保健品一样上瘾＂,https://www.163.com/news/article/ITB98UR90001899N.html
中国快递协会：新规不是要求必须上门投递,https://www.163.com/dy/article/ITB6EU3N05346RC6.html
美2025财政年度预算案中首度单独列出台湾 国防部回应,https://www.163.com/news/article/ITB5UTQV0001899O.html
印度在中印边境新部署1万名士兵 国防部回应,https://www.163.com/dy/article/ITB5SB5D0514R9OJ.html
马克龙：法国视俄罗斯为＂对手＂ 而不是＂敌人＂,https://www.163.com/dy/article/ITAP47OR0514R9OJ.html
今年中菲在争议海域发生近10次摩擦 国防部严正警告,https://www.163.com/news/article/ITB56SVC000189PS.html
天猫一店铺售假被举报后4个月没结果 平台回应,https://www.163.com/dy/article/ITB32G7O0530JPVV.html
白宫指责俄涉核言论＂鲁莽且不负责任＂ 克宫反驳,https://www.163.com/dy/article/ITANNDV40514R9OJ.html
宗馥莉开了＂第一枪＂:＂致全体销售人员的信＂在网上流传,https://www.163.com/dy/article/ITATNLBS0550ANUU.html
邯郸男生遭3名同学杀害 姑姑:其中两户人家已人去楼空,https://www.163.com/news/article/ITACGM3B0001899O.html
拜登：我已确保中国不能使用最先进的美国技术,https://www.163.com/dy/article/IT9E6UAE0514FGV8.html
河南男子杀害前妻留遗书潜逃 警方：自杀外逃都有可能,https://www.163.com/dy/article/ITAVO78K0534P59R.html
＂雷克萨斯4S店提车加价10万＂进展：客服经理被开除,https://www.163.com/dy/article/ITAV5CDH053469LG.html
福原爱与江宏杰宣布和解 两人将共同照顾孩子,https://www.163.com/dy/article/ITB14ODR0514R9P4.html
＂神医＂治死乳腺癌患者:针刺肿瘤放几百毫升血 水泥外敷,https://www.163.com/dy/article/ITALQBGS0514R9P4.html
＂双胞胎女儿在家上学＂成热搜第一 杨威回应：很无奈,https://www.163.com/news/article/ITAUG6QE00019K82.html
媒体：中广核为英国政府雪中送炭后 却被踢出英国市场,https://www.163.com/news/article/ITAOM06500019K82.html
北京体育大学党委书记曹卫东任上落马 月初还主持会议,https://www.163.com/dy/article/ITAKLJ0K051482MP.html
牛弹琴:俄披露乌雇佣军的数量让人震撼 美雇佣军排第二,https://www.163.com/news/article/ITAE6UNO0001899O.html
媒体：美军决定换赛道 时速4000英里的军机或要来了,https://www.163.com/dy/article/IT9G7RNT0552G199.html
媒体：俄方已关闭面向西方大门 双方关系改善难度增加,https://www.163.com/dy/article/ITAP9NCK053469M5.html
农贸市场＂生鲜灯＂被摘下后 摊贩们又挂上＂模棱两可灯＂,https://www.163.com/dy/article/IT8B72UP053469M5.html
燕郊爆燃事故受损房屋开始修缮 住宅交易买家要求退房,https://www.163.com/dy/article/IT9EUQHF05199DKK.html
媒体：台当局恶意撞船隐瞒真相 大陆不会不了了之,https://www.163.com/news/article/ITAHPFL900019K82.html
